{
  "mean": [
    0.45016907555759206,
    0.4802760982473319,
    0.42017247730953144,
    46.26419915080681,
    72.4937355523484
  ],
  "scale": [
    0.23991683350124351,
    0.25781913912982074,
    0.22269883706473123,
    17.10803398599705,
    11.922336751744737
  ],
  "feature_names": [
    "Vibration_X",
    "Vibration_Y",
    "Vibration_Z",
    "Acoustic_Level",
    "Temperature"
  ]
}