Modelo,Test Accuracy,Test F1,5-Fold CV Mean,5-Fold CV Std,Deploy Embarcado
MLP (Keras/TFLite),0.9995833333333334,0.9995833333333334,0.9999632352941177,8.22083815257521e-05,✅ TFLite (~KB)
Random Forest,0.999375,0.9993750867332327,0.9997794117647059,0.0002701643098657877,⚠️ sklearn (~100MB)
XGBoost,0.9995833333333334,0.9995833332971642,0.9996691176470588,0.00040939443844337854,⚠️ xgboost (~80MB)
